Cod_IBGE;Mortalidade_infantil;IDHM_Educacao;Densidade_demográfica;Renda_per_capita;Grau_de_Urbanizacao;Indice_de_Gini;Esgoto_Sanitario;Estab_por_mil_Hab;Doses_Aplicadas_mil_Hab;Razao_Medico_mil_Hab;den_binned
3500105;11,63;0,75;85,12;778,44;96,38;0,515;99,03;4,130524577;395,9107807;4,278043312;2
3500204;19,23;0,648;16,88;588,02;92,52;0,411;95,93;1,450536699;946,6202495;1,450536699;2
3500303;16,06;0,606;76,5;540,88;92,21;0,48;98,87;1,79734891;456,5547068;1,825432487;2
3500402;25,32;0,716;57,33;726,28;92,19;0,531;87,99;0,513017827;391,1760934;2,308580223;2
3500501;8,37;0,675;311,1;680,22;99,1;0,461;90,33;2,231413955;446,065092;2,503537607;3
3500550;23,26;0,695;15,02;703,8;77,74;0,495;75,56;1,854661946;693,8121733;2,697690103;2
3500600;38,46;0,825;955,43;1353,66;100;0,544;97,47;1,921844971;579,4362588;2,562459962;3
3500709;12,13;0,694;38,5;584,66;96,35;0,431;96,91;1,273039243;557,6465379;3,154923341;2
3500758;25;0,658;37,75;510,33;81,83;0,445;70,55;1,384322547;458,7298841;1,384322547;2
3500808;20,83;0,71;35,03;574,27;90,5;0,364;97,35;0,76394194;648,5867074;1,018589254;2
3500907;20,41;0,581;13,29;517,99;84,56;0,424;86,12;2,229930624;456,1446977;2,973240833;2
3501004;16,39;0,635;17,42;635,36;91,76;0,447;98,88;2,957628753;466,0837138;1,800295763;2
3501103;33,33;0,616;12,87;517,16;84,94;0,364;96,17;1,991535972;292,0089619;1,742593976;2
3501152;20,33;0,732;222,66;653,51;83,87;0,429;91,71;0,667705319;483,9750723;1,613621189;3
3501202;26,32;0,683;10,15;463,88;73,54;0,417;98,98;1,104667219;475,283071;0,55233361;1
3501301;18,13;0,732;71,67;558,09;91,3;0,466;93,06;0,924797175;605,3638236;1,639413174;2
3501400;17,54;0,605;34,02;331,26;67,41;0,387;99,23;0,594766059;318,3980967;0,793021412;2
3501509;21,74;0,659;37,96;500,44;92,22;0,533;95,62;0,944584383;676,0075567;1,259445844;2
3501608;7,47;0,76;1789,21;996,71;99,53;0,469;98,37;3,99643619;534,2374217;2,882745505;4
3501707;16;0,701;329,88;565,83;99,24;0,397;99,51;0,770320304;556,6930895;4,19948811;3
3501806;19,61;0,708;23,6;591,29;87,6;0,437;98,98;1,394700139;579,3235704;1,569037657;2
3501905;5,65;0,711;162,12;816,69;84,18;0,498;89,47;4,092534356;419,6499088;4,465888367;3
3502002;21,28;0,668;15,32;685,94;83,81;0,533;93,28;1,030927835;330,5154639;2,680412371;2
3502101;13,35;0,702;59,28;710;94,29;0,52;90,29;3,924786813;473,810968;3,532308131;2
3502200;6,31;0,648;24,56;524,82;74,83;0,45;96,96;1,428513122;394,2696216;0,938737194;2
3502309;14,08;0,637;9,13;401,87;78,78;0,424;97,97;1,498800959;433,9028777;1,648681055;1
3502408;33,33;0,706;12,83;475,43;87,74;0,423;99,47;1,514004542;496,3411557;0,757002271;2
3502507;6,25;0,706;298,63;639,68;98,55;0,486;97,01;1,148169929;462,6564732;1,708252821;3
3502606;21,74;0,67;23,44;508;86,86;0,472;96,99;1,694094869;829,3804453;1,936108422;2
3502705;16,67;0,647;25,02;445,21;81,06;0,556;69,96;1,864915268;533,5684748;1,216249088;2
3502754;12,01;0,597;154,02;591,97;100;0,47;53,42;0,953288847;643,6606292;1,620591039;3
3502804;11,02;0,744;168,8;847,76;98,07;0,54;98,65;4,210658952;480,1201245;3,239372286;3
3502903;7,23;0,723;133,73;763,31;68,73;0,533;40,67;0,833590614;465,7919111;1,759802408;3
3503000;14,49;0,656;27,71;616,78;96,31;0,43;97,14;2,183406114;315,1382824;1,091703057;2
3503109;30,93;0,592;22,23;484,52;82,51;0,392;94,64;0,811030008;358,3130576;1,622060016;2
3503158;71,43;0,612;15,74;414,54;77,7;0,398;59,38;1,618777823;366,2484824;2,023472278;2
3503208;10,46;0,782;235,22;891,74;97,16;0,504;98,89;3,356500804;495,8614872;3,848553278;3
3503307;12,11;0,728;208,17;796,15;95,2;0,482;99,79;2,273819788;651,1975705;3,036846563;3
3503356;33,33;0,694;6,76;468,04;64,15;0,408;98,14;1,101321586;567,7312775;0,984600843;1
3503406;21,05;0,683;16,95;616,98;83,88;0,451;90,71;1,58613958;370,0585652;1,098096633;2
3503505;21,28;0,672;12,73;356,22;67,06;0,46;86,91;1,301066875;489,2011449;2,081707;2
3503604;22,9;0,594;129,55;502,08;92,68;0,366;98,97;1,381597126;468,2693193;1,105277701;3
3503703;25;0,663;72,9;669,28;94,7;0,403;99,26;1,502145923;532,5107296;0,429184549;2
3503802;7,36;0,681;305,62;661,52;90,54;0,471;96,26;1,69172575;410,9372921;1,558668669;3
3503901;16,32;0,73;934,04;745,4;96,31;0,577;58,3;0,64628276;631,5073988;2,40684614;3
3503950;14,29;0,657;26,26;422,34;74,9;0,465;99,06;1,133144476;592,0679887;0,566572238;2
3504008;7,69;0,781;226,63;802,57;95,64;0,504;98,52;4,103332972;409,7611979;3,314230477;3
3504107;11,07;0,67;298,34;871,55;93,66;0,551;56,82;2,277839061;550,1626005;5,386587969;3
3504206;5,85;0,738;34,96;676,26;93,41;0,474;96,92;2,073111741;338,2627324;1,520281943;2
3504305;14,08;0,65;9,99;474,78;67,15;0,488;95,38;0,378214826;510,2118003;0,378214826;1
3504404;6,37;0,623;40,34;465,53;84,56;0,442;99,31;1,403334984;314,7597821;0,577843817;2
3504503;11,49;0,695;74,73;723,28;96,54;0,48;96,84;2,901597021;483,5614248;1,976284585;2
3504602;4,65;0,701;158,57;693,08;93,9;0,367;99,45;0,734888848;727,7849225;3,123277604;3
3504701;55,56;0,537;62,59;205,84;32,15;0,384;98,29;1,349892009;241,3606911;1,61987041;2
3504800;11,76;0,695;60,5;735,55;93,24;0,439;98,82;0,469263257;676,5603003;1,173158142;2
3504909;21,28;0,653;17,76;528,97;84,44;0,515;94,39;0,938878978;348,6057647;2,910524833;2
3505005;17,54;0,649;22,65;446,88;63,73;0,477;84,08;1,182382501;539,462016;0,59119125;2
3505104;11,36;0,599;36,07;489,35;85,53;0,413;98,44;0,411861614;378,2262493;0,686436024;2
3505203;9,98;0,662;79,35;677,08;96,38;0,431;99,52;1,970994028;401,2590828;1,912158386;2
3505302;13,42;0,739;240,65;729,78;98,15;0,454;99,74;2,835538752;369,622501;3,465658475;3
3505351;27,78;0,599;14,11;303,98;29,44;0,549;65,62;1,265822785;702,7124774;0,361663653;2
3505401;12,05;0,532;7,6;359,38;46,72;0,504;76,58;0,910628334;772,6030961;1,821256667;1
3505500;14,57;0,738;77,96;792,94;96,95;0,489;98,26;2,702290594;476,933112;8,437245866;2
3505609;8,51;0,646;224,7;529,22;98,89;0,408;97,26;0,958624528;530,9542953;1,793555569;3
3505708;8,47;0,708;4173,18;877,46;100;0,62;90,95;1,407012368;893,4906767;6,059230682;4
3505807;10,34;0,718;122,6;518,35;88,67;0,418;99,33;1,724053002;628,0478794;1,822570317;3
3505906;14,75;0,685;73,58;728,19;88,44;0,5;99,28;4,333964332;312,0620371;2,341337053;2
3506003;12,98;0,752;564,37;905,65;98,33;0,56;97,79;2,32548562;603,4264534;2,89107008;3
3506102;9,88;0,735;113,43;695,75;96,16;0,508;99,69;3,70844852;490,7693345;2,84539141;2
3506201;32,26;0,712;9,88;595,68;95,59;0,385;100;1,358234295;379,6264856;0,984600843;1
3506300;20,27;0,662;45,66;579,65;91,49;0,456;99,81;1,390562714;530,4533234;1,9467878;2
3506359;16,27;0,654;128,67;617,07;99,06;0,492;30,81;0,679412229;519,6555538;1,801232422;3
3506409;26,67;0,722;50,84;714,09;94,33;0,431;98,82;1,151484135;327,5332651;1,53531218;2
3506508;14,67;0,734;233,27;698,14;97,36;0,429;99,27;1,722588994;465,3792581;1,228065838;3
3506607;15,23;0,64;102,7;478,17;87,23;0,538;70,34;0,64939081;438,0604861;1,360628363;2
3506706;17,65;0,562;21,6;505,86;91,91;0,444;99,46;1,508709368;453,2985873;0,548621588;2
3506805;32;0,656;33,88;679,51;93,46;0,434;96,76;1,73053152;418,6238154;0,247218789;2
3506904;8,06;0,609;17,95;493,07;63,76;0,473;94,23;0,180570603;491,0617551;0,631997111;2
3507001;11,1;0,728;245,01;742,19;94,07;0,494;86,31;1,74544439;450,7959226;1,762898834;3
3507100;12,16;0,631;234,83;603,86;91,05;0,491;84,31;0,782182701;480,4248487;0,988020254;3
3507159;14,29;0,613;29,6;329,1;74,72;0,446;94,21;1,036001036;635,5866356;0,259000259;2
3507209;14,29;0,675;7,04;575,59;77,83;0,4;100;2,463054187;694,5812808;1,231527094;1
3507308;18,18;0,685;39,5;579,94;91,24;0,388;98,68;0,840512713;359,5293129;1,050640891;2
3507407;13,25;0,658;29,06;587,25;94,01;0,428;96,17;2,218886641;385,4989232;1,305227436;2
3507456;55,56;0,615;7,62;494,67;93,06;0,399;98,86;1,163241566;0;1,938735944;1
3507506;13,99;0,746;98,81;897,9;96,64;0,556;95,65;4,591348709;594,4875474;8,622949658;2
3507605;8,54;0,704;329,05;776,01;98,1;0,527;81,24;2,439321869;564,1663618;3,969996341;3
3507704;15,63;0,664;29,13;626,65;92,76;0,433;97,92;0,360230548;454,2507205;0,540345821;2
3507753;28,57;0,618;27,11;471,63;85,91;0,398;98,1;1,445086705;437,1387283;0,361271676;2
3507803;9,09;0,675;89,56;647,89;98,76;0,445;97,53;2,17182475;396,7756756;1,670634423;2
3507902;7,33;0,688;22,16;648,64;86,94;0,42;97,42;2,976939203;619,7484277;1,299790356;2
3508009;13,16;0,578;16,62;382,31;83,66;0,513;92,54;1,016363452;602,0428905;0,711454416;2
3508108;5,59;0,72;52,44;647,42;95,94;0,447;93,29;1,506387081;354,7240299;3,012774162;2
3508207;55,56;0,643;16,82;689,86;83,84;0,466;99,91;1,625261203;263,7566752;1,160900859;2
3508306;38,46;0,619;17,77;454,44;87,28;0,405;98,42;0,928505107;484,6796657;0,69637883;2
3508405;16,62;0,678;191,01;583,97;89,6;0,423;82,02;0,748533279;563,6455594;1,497066559;3
3508504;9,5;0,755;255,46;719,83;85,56;0,511;92,15;3,332712104;469,2875232;3,179231941;3
3508603;17,33;0,728;115,72;628,07;83,48;0,528;93,65;1,83053582;410,474388;1,520275511;2
3508702;14,15;0,62;40,55;500,99;71,8;0,501;91,6;1,962448287;377,1083059;1,166861144;2
3508801;8,89;0,661;19,31;590,1;90,05;0,476;98,65;2,435629784;535,9545349;1,391788448;2
3508900;20,83;0,691;16,54;498,11;85,45;0,382;84,13;1,218620522;540,3363393;0,731172313;2
3509007;7,54;0,749;1039,2;683,16;98,26;0,48;86,5;0,74543792;637,0910031;2,892299129;3
3509106;46,51;0,635;10,66;413,05;38,3;0,464;94,16;1,25;457,1428571;0,892857143;1
3509205;13,52;0,668;584,54;571,55;98,82;0,49;71,71;0,824455409;297,0744715;2,3703093;3
3509254;10,06;0,611;62,82;403,15;74,15;0,484;74,47;1,310706402;754,1735651;1,448675497;2
3509304;10,42;0,674;59,58;604,09;94,94;0,407;99,45;1,088570015;465,3142009;0,890648194;2
3509403;11,73;0,633;39,64;541,09;89,38;0,404;97,33;2,883528816;381,4051358;1,402797802;2
3509452;26,67;0,634;32,56;439,63;88,09;0,495;87,75;0,688231246;522,3675155;0,516173434;2
3509502;8,88;0,731;1515,37;1135,29;98,28;0,578;87,02;1,537216897;524,5584649;5,316881908;4
3509601;11,35;0,739;1066,08;677,02;100;0,435;65,11;0,362135149;430,6873325;1,364042394;3
3509700;7,82;0,648;179,29;568,87;99,38;0,591;77,98;1,656091624;598,5274752;1,915479468;3
3509809;25,97;0,638;10,25;478,42;82,64;0,438;97,52;0,41519618;606,3940212;0,41519618;1
3509908;10,53;0,649;10,13;482,69;86,78;0,501;68,93;0,648245685;210,4367555;1,134429949;1
3509957;47,06;0,677;96,47;402,53;96,17;0,434;79,59;0,592417062;348,9336493;0,789889415;2
3510005;14,84;0,704;52,5;572,73;95,06;0,424;97,92;2,664978847;534,8279423;2,431793198;2
3510104;47,62;0,762;39,4;645,66;85,49;0,481;99,58;0,747943156;353,4031414;2,991772625;2
3510153;28,57;0,605;90,78;426,26;95,49;0,406;89,79;0,601081948;588,8599479;0,601081948;2
3510203;8,97;0,671;28,74;449,04;85,01;0,501;95,93;1,07716834;535,8050756;1,012538239;2
3510302;14,04;0,617;121,88;464,89;86,73;0,402;66,65;0,876253529;549,6056859;0,681530523;3
3510401;16,13;0,669;172,72;669,18;97,56;0,476;89,77;2,599988936;430,1045527;1,475171028;3
3510500;13,09;0,705;250,61;641,55;96,29;0,52;57,94;1,748402322;914,3541247;2,91974575;3
3510609;10,77;0,693;11605,6;577,56;100;0,497;81,19;0,288901616;677,8290817;1,50279525;4
3510708;14,29;0,636;19,28;540,04;91,98;0,436;87,11;1,791656002;518,6417541;2,730142479;2
3510807;6,33;0,64;35,15;637,9;82,83;0,512;98,93;2,579594053;250,3224493;2,409883918;2
3510906;47,62;0,673;13,16;511,87;76,79;0,435;93,73;2,004008016;383,1663327;1,603206413;2
3511003;24,39;0,686;19,72;487,8;75,46;0,48;93,04;1,206098032;770,214203;2,170976457;2
3511102;8,14;0,74;419,35;819,66;99,2;0,465;98,56;4,598740679;464,4301486;5,545791171;3
3511201;10,75;0,676;52,59;677,03;93,11;0,432;96,5;1,593837163;395,5372559;0,664098818;2
3511300;19,61;0,689;46,69;736,05;82,91;0,436;96,3;2,263467632;509,7329108;1,810774106;2
3511409;4,1;0,666;39,06;586,82;92,22;0,435;97,58;1,353250403;587,3106751;0,728673294;2
3511508;5,96;0,739;383;784,71;94,82;0,42;98,03;2,693327013;1065,544806;2,003835298;3
3511607;21,28;0,611;95,32;536,8;67,52;0,438;92,02;0,927643785;551,8900742;1,565398887;2
3511706;19,42;0,675;97,76;615,79;91,48;0,406;89,1;1,299238174;386,4643005;0,590562806;2
3511904;8,55;0,66;51,11;580,29;96,9;0,376;99,37;1,201345507;406,6554541;1,081210956;2
3512001;8,1;0,712;43,73;616,07;95,33;0,461;98,17;2,272339942;492,018406;0,852127478;2
3512100;11,76;0,647;8,52;534,01;75,11;0,408;94,9;1,819384717;521,667218;1,819384717;1
3512209;12,2;0,614;153,45;522,73;96,69;0,448;97,1;1,466060695;561,4279431;0,769681865;3
3512308;9,62;0,658;38,39;633,57;85,37;0,49;92,63;2,451266488;552,9356834;0,641998366;2
3512407;3,55;0,674;178,28;695,07;89,82;0,453;99,05;1,683363442;404,2946297;1,929709312;3
3512506;13,89;0,648;24,54;561,28;85,74;0,389;98,2;0,337495781;397,5700304;0,674991563;2
3512605;18,52;0,619;15,41;406,58;81,95;0,46;97,08;1,032417923;710,5100145;1,238901507;2
3512704;18,87;0,7;14,55;646,92;62,47;0,482;96,75;1,766784452;613,0742049;2,019182231;2
3512803;10,83;0,697;467,15;703,59;92,87;0,459;94,67;1,136331753;394,7560394;1,346763559;3
3512902;33,33;0,63;16,54;580,78;76,66;0,411;96,64;0,714591968;693,8688009;0,857510362;2
3513009;7,42;0,707;769,18;882,64;100;0,587;52,94;0,707287894;647,3987972;1,778323849;3
3513108;12,44;0,683;113,32;663,68;98,52;0,43;99,64;1,742767515;203,9909376;0,871383757;2
3513207;16,53;0,682;22,4;606,96;82,93;0,484;94,24;1,543026706;495,1928783;1,18694362;2
3513306;43,48;0,778;13,88;619,43;71,23;0,439;95,86;1,889466226;312,7066604;1,889466226;2
3513405;14,05;0,758;269,02;649,81;97,73;0,54;97,05;3,603288;403,0677994;2,151963667;3
3513504;13,58;0,681;914,8;569,82;100;0,472;54,09;1,316349839;447,9228774;2,570753804;3
3513603;4,15;0,576;15,31;393,08;62,77;0,548;90,02;1,014713343;253,2632259;1,014713343;2
3513702;8,36;0,687;44,74;666,9;92,7;0,457;99,36;3,761948813;370,6136294;1,38760407;2
3513801;12,41;0,716;13792,92;564,99;100;0,459;96,55;0,442546795;766,122672;2,608306529;4
3513850;111,11;0,704;20,34;486,14;82,53;0,378;98,9;1,747233547;763,54106;1,164822365;2
3513900;8,62;0,645;49,81;576,46;75,25;0,483;89,39;2,663972074;587,9110784;7,348888481;2
3514007;16,67;0,655;59,63;549,79;97,77;0,387;99,45;0,673854447;487,8706199;0,786163522;2
3514106;11,98;0,616;43,15;616,58;96,82;0,472;97,14;1,779623313;213,7772505;1,260566513;2
3514205;14,29;0,709;27,14;560,96;93,87;0,363;99,42;1,960784314;494,1176471;1,960784314;2
3514304;31,25;0,689;43,1;621,72;91,7;0,379;98,69;1,532657392;292,0301816;0,825277057;2
3514403;10,18;0,737;95,95;747,92;92,89;0,447;96,57;4,778308701;493,2992555;2,778086454;2
3514502;6,8;0,698;47,04;605,48;92,23;0,432;98,56;3,924843424;486,5135699;1,002087683;2
3514601;9,71;0,674;88,6;600,51;98,14;0,391;99,3;0,52246604;509,6133751;2,507836991;2
3514700;24,69;0,69;11,84;579,22;82,76;0,542;96,77;0,965095705;512,3049702;2,734437832;2
3514809;14,56;0,615;9,37;373,5;49,21;0,504;90,51;0,459438173;612,1685482;0,525072197;1
3514908;14,42;0,583;87,82;527,37;84,2;0,434;97,56;0,807102502;610,2847919;0,922402859;2
3514924;26,32;0,712;38,85;618,39;93,37;0,334;98,13;0,857387825;533,0094313;0,571591883;2
3514957;55,56;0,641;29,5;683,03;88,79;0,366;94,34;1,245330012;488,1693649;0,415110004;2
3515004;11,41;0,676;3888,26;474,17;100;0,49;72,78;0,343439566;444,5732856;1,011854204;4
3515103;5,95;0,708;445,8;516,15;97,33;0,516;41,79;0,573082744;338,6478186;0,617166032;3
3515129;25;0,691;14,27;559,19;87,74;0,385;98,12;0,977835724;596,1538462;0,977835724;2
3515152;7,35;0,668;188,95;616,17;76,16;0,459;97,14;0,925249574;655,7097638;2,19138057;3
3515186;4,18;0,712;113,89;741,6;91,22;0,573;98,71;3,922673995;648,932422;2,231461255;2
3515194;45,45;0,609;24,93;476,15;85,54;0,386;98,04;1,041883726;571,577412;0,208376745;2
3515202;18,35;0,705;28,42;695,99;87,21;0,397;97,33;3,459352607;478,2554979;1,853224611;2
3515301;27,78;0,714;10,44;566,78;86,57;0,439;97,74;0,750469043;583,1144465;0,750469043;1
3515350;27,27;0,655;16,33;400,5;64,54;0,457;93,48;1,36311209;398,0287302;1,048547761;2
3515400;5;0,648;37,37;555,54;83,39;0,435;98,02;2,301201739;541,8051649;1,598056763;2
3515509;17,65;0,758;125,71;768,74;96,94;0,494;98,75;6,020087125;597,213819;3,494070668;3
3515608;14,93;0,68;34,02;726,55;90,51;0,418;98,56;1,256281407;552,2254128;1,794687724;2
3515657;55,56;0,617;17,07;454,68;61,19;0,408;98,93;1,212856277;1174,044876;1,819284415;2
3515707;11,03;0,703;6571,37;460,59;95,51;0,456;85,92;0,300460533;593,8809658;1,118956469;4
3515806;45,45;0,723;6,52;480,05;87,22;0,418;95,49;1,887979862;222,152297;0,629326621;1
3515905;55,56;0,726;14,28;677,82;84,73;0,376;99,55;1,050420168;241,5966387;1,050420168;2
3516002;23,08;0,646;27,93;501,49;78,9;0,429;98,58;1,320132013;339,8514851;0,660066007;2
3516101;25;0,652;11,85;474,05;91,56;0,494;96,79;2,589715131;361,4502405;0,739918609;2
3516200;8,8;0,753;583,13;716,39;98,24;0,467;99,31;0,58165875;377,0288637;2,07234198;3
3516309;10,93;0,647;3588,58;396,07;99,8;0,436;50,01;0,424304628;602,4093622;1,118100033;4
3516408;14,24;0,654;1163,54;479,44;92,13;0,465;69,17;0,683306943;458,2098672;1,82653202;3
3516507;40;0,762;20,02;631,37;88,9;0,374;99,24;1,117734724;397,5409836;0,984600843;2
3516606;38,46;0,634;18,4;526,55;77,54;0,427;98,3;1,676062776;710,6506171;1,218954746;2
3516705;16,98;0,728;79,87;644,36;93,7;0,508;99,32;1,694795565;545,6064779;1,788950874;2
3516804;45,45;0,635;26,63;623,15;93,81;0,43;98,68;0,419463087;370,8053691;0,209731544;2
3516853;14,49;0,676;19,65;577,11;89,28;0,361;99,82;1,301518438;932,1041215;1,518438178;2
3516903;8,2;0,702;21,99;685,51;88,5;0,459;96,86;1,784372652;387,5845229;0,657400451;2
3517000;10;0,652;16,86;482,7;81,51;0,471;95,72;1,475062229;319,443164;0,921913893;2
3517109;15,38;0,63;17,65;607,26;77,05;0,522;97,15;0,631711939;558,4333544;0,842282586;2
3517208;12,5;0,679;43,9;551,66;93,17;0,378;88,38;1,171842304;460,2829162;0,585921152;2
3517307;11,24;0,689;26,47;470,88;91,16;0,406;99,19;1,264907842;520,0578244;0,18070112;2
3517406;6,26;0,683;32,41;652,5;96,87;0,521;99,67;1,792068815;472,3637388;0,921635391;2
3517505;4,17;0,605;65,99;618,66;90,86;0,424;92,27;1,007290867;442,9681504;1,774750576;2
3517604;36,76;0,602;42,02;307,49;42,19;0,566;83,08;1,125175809;645,4008439;0,450070323;2
3517703;4,17;0,63;58,59;544,41;97,62;0,491;99,06;2,497118709;461,6308106;0,960430273;2
3517802;42,25;0,663;14,62;551,94;82,14;0,43;99,78;1,783166904;540,299572;0,951022349;2
3517901;16,26;0,682;17,44;557,33;92,92;0,418;95,97;1,730734196;468,9378758;1,093095281;2
3518008;50;0,714;23,34;497,96;89,39;0,41;97,28;2,081165453;1244,536941;0,520291363;2
3518107;44,12;0,623;14,43;511,51;90,81;0,491;99,34;0,926354794;502,7018681;0,463177397;2
3518206;10,81;0,726;34,47;645,78;94,02;0,433;99,12;1,964085297;769,4849732;0,717047013;2
3518305;9,85;0,656;110,03;621,85;86,05;0,506;51,1;0,815522104;644,7381834;2,412586224;2
3518404;13,79;0,751;161,83;800,48;95,37;0,548;92,54;2,906755672;467,6919177;2,74620812;3
3518503;6,58;0,583;32,61;405,79;57,76;0,435;75,94;0,761904762;500,952381;0,888888889;2
3518602;9,96;0,645;148,38;579,21;98,42;0,439;99,56;1,281361318;336,3317188;2,383332052;3
3518701;18,51;0,679;2213,21;602,13;99,98;0,519;77,97;1,144103285;405,8121711;1,956353408;4
3518800;11,59;0,717;4327,86;633,33;100;0,535;86,9;0,619414997;653,6878134;2,20902481;4
3518859;18,18;0,688;18,51;541,49;80,4;0,522;95,09;1,344086022;377,4193548;2,016129032;2
3518909;16,13;0,621;20,86;461,32;89,09;0,418;99,31;0,587429019;415,1165068;0,984600843;2
3519006;9,71;0,698;26,15;459,46;93,64;0,453;93,93;1,727861771;378,5097192;1,187904968;2
3519055;4,67;0,698;227,67;1014,47;84,78;0,547;88,46;1,517974194;526,116056;0,965983578;3
3519071;8,08;0,703;3698,59;552,57;100;0,425;36,9;0,777355082;557,4417635;0,920666354;4
3519105;7,63;0,675;21,39;651,32;88,67;0,398;93,84;1,592075004;582,0803113;0,176897223;2
3519204;17,86;0,655;19,63;542,91;84,49;0,445;99,51;0,797193878;463,0102041;0,637755102;2
3519253;54,05;0,543;23,02;303,49;44,49;0,526;87,13;1,160429359;621,1198143;0,14505367;2
3519303;3,98;0,627;120,64;511,08;96,58;0,4;99,61;1,295411365;549,8301572;0,604525304;3
3519402;13,7;0,65;45,58;673,82;93,45;0,49;94,57;1,658512314;551,2065677;0,58047931;2
3519501;29,85;0,628;33,97;524,57;93,94;0,435;95,4;0,932214676;326,8078306;2,663470502;2
3519600;13,48;0,667;87,08;626,92;96,76;0,448;98,78;2,615339909;454,6076135;1,350404267;2
3519709;12,74;0,614;74,55;504,51;36,9;0,498;54,54;0,732696585;92,25435039;0,693444982;2
3519808;27,27;0,646;22,75;576;86,69;0,448;99,61;2,614541833;463,2719124;1,120517928;2
3519907;19,42;0,7;13,71;544,87;92,84;0,463;92,69;2,52493372;622,2699154;1,388713546;2
3520004;20,76;0,664;252,43;507,22;99,43;0,369;99,33;0,911539258;433,6026518;0,082867205;3
3520103;6,71;0,671;64,98;676,33;95,46;0,675;97,88;2,172732211;439,7406301;2,104834329;2
3520202;8,2;0,616;32,54;588,07;85,6;0,431;50,56;0,751718213;571,7353952;0,966494845;2
3520301;32,79;0,653;15,59;454,99;87,68;0,561;73,1;0,916341422;302,3247921;0,84846428;2
3520400;9,43;0,693;100,96;681,5;99,31;0,497;7,37;0,866447565;961,9360621;2,629220197;2
3520426;6,29;0,666;56,81;506,29;100;0,481;38,04;1,068376068;948,038073;1,165501166;2
3520442;14,04;0,782;40,89;896,76;93,84;0,483;94,1;4,000310704;277,1865776;1,903060432;2
3520509;9,7;0,738;807,67;931,09;98,99;0,487;94,13;1,284648451;517,0462968;2,206960159;3
3520608;18,18;0,733;37,76;595,77;88,15;0,452;80,09;1,67539267;440,6282723;0,209424084;2
3520707;20,41;0,71;13,94;609,67;90,58;0,478;90,44;1,556824079;478,2044629;2,594706798;2
3520806;14,29;0,75;45,81;545,69;90,62;0,372;98,07;0,513874615;464,028777;0,770811922;2
3520905;15,71;0,65;71,44;575,57;94,06;0,479;98,09;1,240865849;309,3202813;0,344684958;2
3521002;11,49;0,672;218,06;440,8;61,71;0,414;77,82;0,902421984;388,099674;0,320214252;3
3521101;9,62;0,685;39,71;694,92;90,61;0,47;92,29;1,056663585;393,6071853;1,056663585;2
3521150;20;0,666;39,64;599,58;64,67;0,377;100;0,57350411;660,2943988;0,955840184;2
3521200;17,54;0,668;3,66;333;65,67;0,532;74,22;1,134558657;277,2861357;0,907646925;1
3521309;10,53;0,654;35,18;630,03;96,81;0,598;99,34;2,332765904;509,930017;2,963243175;2
3521408;8,62;0,729;210,52;703,22;98,24;0,453;94,38;1,35283673;315,7182718;0,803246808;3
3521507;12,5;0,624;31,03;544,99;92,22;0,364;99;1,292991983;336,4365141;0,387897595;2
3521606;25;0,622;38,67;430,41;70,7;0,447;92,64;1,499863649;424,3250614;0,409053722;2
3521705;32,26;0,636;15,96;406,1;75,96;0,515;93,07;1,192233451;656,182582;0,567730215;2
3521804;3,03;0,63;24,82;471,65;78,52;0,459;94,69;1,320405931;513,0342928;0,30180707;2
3521903;17,24;0,644;30,4;686,66;87,86;0,393;98,28;2,052826057;499,7947174;1,847543451;2
3522000;31,25;0,613;16,65;518,07;80,98;0,375;99,01;0,821018062;491,5161467;0,273672687;2
3522109;7,2;0,701;169,21;557,63;99,25;0,514;24,4;0,81006916;716,6580597;1,822655609;3
3522158;47,62;0,637;18,18;328,46;54,52;0,551;41,88;0,941619586;835,8443189;0,62774639;2
3522208;10,39;0,687;1165,52;487,17;99,17;0,476;35,81;0,383211786;268,5725066;1,615385069;3
3522307;15,6;0,705;91,6;629,4;92,03;0,501;95,22;2,516390884;529,3724633;1,554792382;2
3522406;8,01;0,697;51,67;516,86;90,97;0,539;93,3;2,83554906;687,0099135;1,7885771;2
3522505;11,69;0,677;2875,7;474,89;100;0,474;74,44;0,445913997;654,1516276;1,602766349;4
3522604;23,66;0,692;144,23;703,22;93,74;0,461;97,75;2,153846154;464,0979021;2,475524476;3
3522653;30,3;0,594;10,43;284,36;51,34;0,535;82,3;1,196172249;716,507177;0,23923445;1
3522703;13,19;0,667;43,26;662,35;93,79;0,454;99,29;2,262443439;440,0452489;1,203427361;2
3522802;20,2;0,653;29,82;448,71;81,37;0,536;93,25;0,953159041;469,8393246;0,748910675;2
3522901;32,47;0,633;99,93;599,5;97,02;0,423;88,56;0,943464693;486,4649104;0,798316278;2
3523008;25;0,673;16,26;437,49;79,92;0,48;32,04;1,017087063;349,0642799;0,406834825;2
3523107;12,92;0,648;4488,16;413,35;100;0,456;71,33;0,264443899;412,9075607;0,825712582;4
3523206;15,55;0,649;50,31;472,39;92,74;0,489;91,73;1,632053531;452,1808315;0,775225427;2
3523305;12,82;0,577;63,71;369,61;71,34;0,526;49,26;0,752576126;443,0936668;0,347342827;2
3523404;8,54;0,708;375,01;884;87,13;0,497;97,74;1,628277757;441,9586825;1,68764205;3
3523503;3,64;0,61;21,12;520,74;93,38;0,434;97,27;0,924574209;353,8686131;0,827250608;2
3523602;11,7;0,636;32,16;527,51;92,49;0,487;88,99;1,631511479;423,3772288;1,281901876;2
3523701;28,99;0,636;40,34;433,65;86,4;0,442;99,23;0,955566173;457,2384138;1,751871317;2
3523800;35,71;0,646;56,42;552,43;94,06;0,409;96,71;0,788539887;395,5841766;0,525693258;2
3523909;11,21;0,692;271,47;845,24;95,09;0,54;96,62;1,973234691;432,2679829;2,674174776;3
3524006;16,53;0,699;305,02;738,7;93,44;0,449;83,31;0,929697933;551,1587417;1,487516692;3
3524105;6,24;0,694;59,35;743,57;94,15;0,526;99,74;4,870049197;260,6470208;3,056204343;2
3524204;48,39;0,627;25,34;497,96;94,95;0,395;99,89;1,347910738;453,7966152;0,599071439;2
3524303;13,02;0,71;109,34;851,98;98,28;0,528;99,38;2,371296533;197,5721157;2,007518088;2
3524402;11,05;0,749;503,29;712,14;98,62;0,499;91,6;2,044352804;661,9754765;2,908596372;3
3524501;11,49;0,659;48,69;596,8;91,42;0,355;97,19;1,291433491;653,7523318;3,156837423;2
3524600;11,45;0,644;25,37;477,57;54,45;0,534;91,25;1,219370573;669,6667054;0,522587388;2
3524709;8,75;0,715;406,59;854,67;98,17;0,502;90,07;1,786756126;569,8475788;2,552508751;3
3524808;9,69;0,73;133,24;735,86;94,1;0,464;98,89;4,84615059;513,0994202;3,491767893;3
3524907;59,7;0,69;35,8;675,02;47,88;0,491;94,95;1,126488574;346,4757;0,160926939;2
3525003;11,67;0,706;7160,12;683,76;100;0,494;83,5;0,4368826;356,2130369;0,550148459;4
3525102;14,52;0,64;88,43;600,65;98,08;0,508;99,75;1,515398783;383,0694985;0,792670133;2
3525201;6,33;0,659;144,76;610,76;86,16;0,466;25,11;0,871898055;671,8309859;1,006036217;3
3525300;11,66;0,693;218,67;786,46;97,55;0,464;99,32;3,26090641;317,914647;2,677875326;3
3525409;20,83;0,628;22,25;494,11;87,01;0,42;98,5;0,955109838;649,7930595;0,955109838;2
3525508;7,25;0,585;35,32;597,03;100;0,443;68,11;0,947418285;520,9221538;0,315806095;2
3525607;16,13;0,71;10,89;530,77;89,03;0,424;98,74;1,368613139;511,4051095;0,684306569;1
3525706;4,26;0,717;43,03;709,45;92,33;0,456;97,83;1,806508991;511,7701009;1,361829855;2
3525805;34,48;0,686;37,26;439,73;95,47;0,415;96,33;1,077586207;377,1551724;1,077586207;2
3525854;29,41;0,655;59,4;645,57;65,79;0,397;85,63;1,512401694;533,8777979;0,907441016;2
3525904;10,55;0,768;971,6;1121,82;97,08;0,544;95,9;4,056351593;604,6838454;3,756609077;3
3526001;8,55;0,662;35,5;605,36;85,06;0,443;99,14;1,744330924;601,2957887;1,196112634;2
3526100;17,99;0,637;23,14;408,12;65,38;0,495;72,62;0,796685787;597,3550032;1,115360102;2
3526209;4,42;0,662;60,22;404,53;85,81;0,516;28,83;0,493404822;478,7013585;0,526298477;2
3526308;40;0,609;19,16;469,11;70,99;0,486;94,55;1,660095455;545,756381;1,867607387;2
3526407;9,04;0,639;74,21;665,4;90,56;0,42;89,78;3,233455486;300,1365237;1,437091327;2
3526506;14,49;0,655;22,28;321,08;48,8;0,389;94,3;0,823529412;420,7058824;0,588235294;2
3526605;30,93;0,707;43,46;430,21;94,06;0,581;79,4;0,69764197;342,9607925;0,837170364;2
3526704;9,07;0,665;256,64;616,2;98,22;0,481;99,28;2,030205496;328,2693736;1,208219856;3
3526803;5,81;0,717;84,53;708,66;98,23;0,443;98,61;3,240733762;518,1104261;1,386732587;2
3526902;8,01;0,719;527,14;767,62;97,66;0,496;98,45;2,642591968;386,5102936;2,460344246;3
3527009;28,57;0,654;163,67;660,23;100;0,406;76,64;1,813001813;200,7252007;2,460502461;3
3527108;10,66;0,733;136,85;796,51;98,83;0,46;98,71;6,872028447;439,769867;2,037636342;3
3527207;7,92;0,713;214,18;680,6;97,56;0,531;97,98;2,977873706;471,5312965;2,585440737;3
3527256;90,91;0,717;20,09;524,86;85,7;0,38;96,47;2,29147571;1068,285976;0,458295142;2
3527306;15,04;0,697;886,67;803;97,63;0,519;86,71;0,973730007;713,3504599;1,180906605;3
3527405;5,85;0,695;69,08;570,48;87,45;0,471;99,19;1,903040107;401,9220705;1,42728008;2
3527504;35,71;0,662;12,63;631,62;81,51;0,515;94,73;1,326846528;403,3613445;0,884564352;2
3527603;26,6;0,671;24,98;555,94;98,55;0,428;99,48;1,482422702;424,8199915;1,835380488;2
3527702;17,54;0,623;34,76;501,57;94,56;0,361;99,72;1,042752868;798,9224887;0,868960723;2
3527801;45,45;0,674;29,54;480,87;94,91;0,408;98,83;1,130965845;399,9095227;0,452386338;2
3527900;23,26;0,659;5,57;500,95;83,82;0,432;96,76;1,144601297;676,8409004;0,984600843;1
3528007;15,63;0,697;76,45;651,73;97,8;0,551;99,18;1,830852823;329,6716277;0,472478148;2
3528106;22,22;0,676;32,73;626,9;90,7;0,431;96,53;1,419538005;409,7302878;1,290489095;2
3528205;41,67;0,675;11,29;564,31;79,57;0,426;70,68;1,11919418;636,2618914;0,279798545;2
3528304;31,25;0,717;9,99;663,76;85,52;0,443;98,44;1,619170984;724,7409326;0,647668394;1
3528403;11,9;0,684;224,36;594,45;80,26;0,48;76,9;1,360015543;291,2160266;0,539688708;3
3528502;8,77;0,723;312,38;738,89;92,18;0,581;38,12;0,61852325;367,0580601;0,446147918;3
3528601;9,17;0,675;42,99;576,61;92,24;0,481;98,25;1,469816273;453,8582677;0,104986877;2
3528700;52,63;0,591;6,37;322,39;44,51;0,396;91,67;1,013993105;688,9069154;0,811194484;1
3528809;18,87;0,758;26,25;595,29;92,47;0,426;92,87;1,1093854;476,2961319;0,88750832;2
3528858;30,3;0,679;27,24;691,07;90,06;0,423;99,73;1,032346869;640,0550585;0,688231246;2
3528908;26,32;0,651;21,89;494,23;85,69;0,385;94,66;0,754716981;578,6163522;0,984600843;2
3529005;9,55;0,776;204,08;794,23;95,51;0,512;97,72;4,124307937;609,3524621;4,443887819;3
3529104;41,67;0,694;27,14;498,79;82,4;0,429;99,64;1,430615165;790,6533143;0,476871722;2
3529203;18,52;0,641;21,11;513;86,92;0,455;96,18;1,67523765;494,5846969;1,129811438;2
3529302;7,9;0,713;158,45;679,92;98,17;0,531;99,08;2,72431892;355,436141;1,699575106;3
3529401;9,08;0,733;7638,82;583,61;100;0,458;90,36;0,632427217;498,0201334;1,951613885;4
3529500;15,15;0,663;28,13;639,82;86,97;0,369;97,9;1,189767995;834,8205433;0,396589332;2
3529609;20;0,667;16,81;588,98;72,45;0,405;96,18;1,604707141;407,3281626;0,53490238;2
3529658;38,46;0,666;12,84;497,85;86,37;0,376;97,63;1,056524036;701,0036978;0,984600843;2
3529708;7,43;0,661;27,08;559,99;95,5;0,458;95,26;1,82038835;377,7539208;0,886855863;2
3529807;22,39;0,658;60,53;585,77;95,53;0,403;98,54;0,873223783;450,7422402;0,238151941;2
3529906;30,1;0,655;19,75;376,89;54,01;0,509;69,9;0,852814287;287,7997391;1,153807565;2
3530003;41,67;0,731;14,23;549,29;66,69;0,429;97,22;1,701258932;504,9336509;0,340251786;2
3530102;7,43;0,665;32,22;578,83;91,33;0,467;91,7;1,919988829;310,8636459;1,186902185;2
3530201;16,67;0,674;14,74;456,44;58,88;0,505;72,9;1,350666892;389,5548427;1,18183353;2
3530300;6,93;0,698;245,96;752,16;97,47;0,466;98,73;2,421140011;410,6599336;2,075262867;3
3530409;18,87;0,69;29,32;525,22;81,31;0,401;77,83;0,425350915;631,2207571;1,276052744;2
3530508;11,18;0,709;80,55;630,79;95,03;0,539;97,46;3,65526643;561,9522718;1,647866014;2
3530607;9,46;0,74;625,71;757,93;92,75;0,549;82,31;0,776151812;583,8625103;2,711911389;3
3530706;11,17;0,736;186,88;677,48;95,94;0,446;99,37;2,481038261;468,4442946;1,516939154;3
3530805;10,47;0,715;187,24;827,06;95,74;0,501;96,81;2,709008282;465,8499099;1,437432966;3
3530904;40,82;0,607;26,13;576,39;88,48;0,651;96,1;1,200480192;881,152461;0,300120048;2
3531001;38,46;0,773;21,65;622,13;87,26;0,432;96,45;2,75862069;594,0229885;0,984600843;2
3531100;23,91;0,699;395,95;542,11;99,56;0,523;32,66;0,824024904;412,4336202;1,281816517;3
3531209;24,69;0,678;72,87;792,58;62,29;0,477;77,13;1,935733643;328,5585237;0,516195638;2
3531308;18,4;0,707;145,55;724,58;96,89;0,42;97,85;4,462348931;226,1956409;1,384154529;3
3531407;4,39;0,72;50,62;784,97;92,85;0,507;94,36;2,003580868;448,2053031;1,150993265;2
3531506;8,7;0,69;72,15;706,89;95,38;0,465;97,96;2,088945083;363,5314166;0,989500302;2
3531605;25,64;0,709;17,84;560,39;83,59;0,393;98,21;1,252818842;545,477324;0,250563768;2
3531704;54,55;0,627;13,98;547,76;44,41;0,495;77,98;1,343784994;410,5263158;1,791713326;2
3531803;12,96;0,639;248,46;548,32;95,51;0,456;54,26;1,073573322;454,2724863;0,704532492;3
3531902;8,02;0,604;23,75;567,18;97,61;0,462;98,34;2,288754175;500,4948658;1,391809972;2
3532009;13,16;0,627;92,82;667,29;90,12;0,45;88,26;1,434287008;521,4765607;0,754887899;2
3532058;29,41;0,691;20,8;485,74;79,88;0,484;99,59;1,078050884;369,555843;0,862440707;2
3532108;22,73;0,643;17,88;564,99;61,46;0,436;99,46;1,401541696;368,1382854;0,984600843;2
3532157;20,41;0,702;10,96;459,69;95,64;0,353;99,2;1,302507327;437,3168349;0,325626832;2
3532207;12,5;0,67;13,59;446,21;81,28;0,373;94,86;1,032844454;638,7110101;1,032844454;2
3532306;12,2;0,52;7,99;415,31;42,46;0,522;97,92;1,045088086;221,7079725;0,895789788;1
3532405;9,3;0,559;56,78;489,58;96,56;0,475;25,6;0,433721876;480,8891298;0,054215234;2
3532504;32,61;0,707;40,77;711,76;92,02;0,406;95,8;1,740139211;438,6310905;1,160092807;2
3532603;9,71;0,672;26,32;738,49;84;0,5;98,59;3,524392506;416,6202931;2,133184938;2
3532702;13,51;0,636;37,88;579,12;90,76;0,371;97,73;0,603743208;740,5916683;0,603743208;2
3532801;22,47;0,684;32,06;621,14;87,36;0,392;99,09;0,620155039;553,1782946;0,620155039;2
3532827;14,39;0,577;25,31;280,5;79,29;0,468;80,96;0,723514212;509,3540052;0,516795866;2
3532843;50;0,675;15,11;504,56;50,54;0,343;97,13;2,065049045;256,0660816;0,516262261;2
3532868;76,92;0,755;6,91;595,52;79,76;0,373;99,23;3,401360544;595,2380952;0,850340136;1
3532900;8,33;0,718;69,8;602,91;94,93;0,393;99,66;1,767606289;214,9967439;0,27909573;2
3533007;11,81;0,68;40,43;630,89;93,66;0,449;94,2;1,386365809;423,2240176;1,051725786;2
3533106;166,67;0,644;67,8;545,99;89,87;0,414;98,03;1,825650388;391,1455956;0,912825194;2
3533205;19,23;0,711;14,98;547,25;85,02;0,361;89,46;2,144197266;938,8903779;0,536049317;2
3533254;41,67;0,634;49,5;568,17;93,25;0,452;99,59;0,544563442;345,7977854;0,544563442;2
3533304;32,26;0,719;55,56;600,79;93,52;0,365;99,2;0,989119683;189,4164194;0,494559842;2
3533403;10,85;0,762;815,5;733,41;98,37;0,424;96,88;1,240545151;388,3250917;0,809800307;3
3533502;9,84;0,665;44,06;705,62;93,77;0,453;98,5;2,644144375;370,71931;1,33490784;2
3533601;24,39;0,656;21,34;665,49;95,29;0,449;99,9;3,302146395;863,3736929;1,926252064;2
3533700;14,08;0,653;14,25;497,26;86,4;0,396;97,99;0,964785335;519,7780994;0,241196334;2
3533809;37,04;0,637;12,55;538,23;71,94;0,425;91,26;1,58290463;484,3688168;1,187178472;2
3533908;14,95;0,724;68,25;708,25;95,49;0,443;99,01;2,970523269;499,8857491;1,447178003;2
3534005;16,95;0,671;18,03;542,38;85,14;0,351;100;1,656804734;749,8224852;1,183431953;2
3534104;13,33;0,761;29,79;618,32;95,07;0,452;96,66;1,915403033;568,0766161;0,159616919;2
3534203;24,69;0,762;28,56;642,18;93,29;0,382;99,39;2,184678124;628,3134285;1,456452083;2
3534302;4,26;0,703;150,9;758,9;97,42;0,503;99,84;4,282401931;291,0613732;1,869114655;3
3534401;11,79;0,718;10752,5;757,55;100;0,546;83,76;1,511093097;601,9114079;2,527299534;4
3534500;43,48;0,715;11,72;569,22;87,63;0,45;98,47;1,193317422;657,9156722;0,397772474;2
3534609;12,2;0,713;132,56;651,44;91,28;0,473;98,98;2,526948789;387,5187922;1,247481048;3
3534708;5,91;0,727;383,82;724,4;97,42;0,512;98,57;3,964195531;439,021079;2,16311126;3
3534757;8,4;0,736;35,89;640,64;93,19;0,436;96,8;2,761583308;620,5379973;0,715966043;2
3534807;10,2;0,612;32,09;441,08;94,15;0,4;70,86;0,967585873;492,743106;0,604741171;2
3534906;18,52;0,631;41,83;490,16;73,68;0,458;87,06;1,991421569;308,7469363;0,459558824;2
3535002;7,14;0,645;18,57;619,45;86;0,407;83,95;1,398026316;476,2335526;0,986842105;2
3535101;14,29;0,645;161,64;552,22;97,12;0,341;99,68;1,461875817;340,4631838;1,307994152;3
3535200;11,49;0,714;29,12;601,55;81,36;0,428;94,98;1,314348302;418,9485214;0,547645126;2
3535309;19,16;0,702;40,52;608,27;94,59;0,465;98,72;2,314921987;405,4817353;0,833371915;2
3535408;17,86;0,639;44,31;558,08;97,84;0,464;91,95;1,118494638;608,9216396;0,460556616;2
3535507;13,49;0,739;45,63;577,9;90,62;0,464;98,82;2,580353101;438,7279312;1,10909914;2
3535606;4,72;0,642;22,51;558,87;30,15;0,521;86,69;0,767964893;435,1618212;0,713110258;2
3535705;12,82;0,668;41,59;743,63;91,02;0,454;97,5;1,435635668;418,7270697;0,797575371;2
3535804;6,45;0,631;19,83;524,96;86,08;0,495;88,43;2,254283138;435,9783589;1,102093979;2
3535903;14,93;0,655;29,06;554,43;91,68;0,45;98,35;0,513874615;612,2816033;0,513874615;2
3536000;10,75;0,696;29,9;535,59;86,16;0,42;98,94;0,856571809;543,2568764;0,095174645;2
3536109;37,38;0,652;30,66;585,38;88,5;0,463;87,95;0,625782228;647,8410513;0,625782228;2
3536208;6,47;0,678;54,67;501,4;70,7;0,475;84,89;1,454469898;748,3247624;5,50620747;2
3536257;51,28;0,619;25,5;460,04;83,69;0,402;98,98;0,973709834;922,1032132;0,973709834;2
3536307;19,51;0,678;24,33;548,69;85,09;0,425;98,27;1,244555072;521,3302911;1,037129226;2
3536406;8,55;0,64;19,69;521,81;89,11;0,442;36,96;0,699692135;848,1668066;1,819199552;2
3536505;6,12;0,727;788,49;974,57;99,91;0,488;90,26;1,732722755;427,7540295;1,39950684;3
3536570;47,62;0,663;7,16;489,85;77,95;0,429;86,32;1,695873375;650,0847937;0,565291125;1
3536604;24,69;0,662;12,12;565,41;91,7;0,531;98,5;0,821499824;494,7776083;0,586785589;2
3536703;9,42;0,673;64,07;629,78;93;0,502;98,73;1,843317972;494,4919903;0,614439324;2
3536802;14,49;0,581;38,42;470,7;28,69;0,407;80,68;0,670690812;488,0952381;0,984600843;2
3536901;34,48;0,684;9,59;554,39;63,91;0,378;96,96;2,064409579;885,6317093;0,825763832;1
3537008;4,63;0,623;23,5;570,27;74,77;0,498;97,12;1,412863198;416,3646416;0,552859512;2
3537107;6,24;0,701;440,36;687,97;99,16;0,426;95,23;1,331958409;537,8533986;0,537080003;3
3537156;37,04;0,739;20,31;660,93;87,08;0,562;96,37;2,657807309;376,4119601;0,996677741;2
3537206;25,42;0,634;16,9;420,4;70,68;0,479;64,73;1,00209529;736,0845404;0,364398287;2
3537305;13,17;0,68;89,14;705,28;96,88;0,474;99,08;3,044064896;447,7408102;1,283443578;2
3537404;3,83;0,732;26,35;603,58;93,64;0,493;97,54;2,599346225;393,2889607;0,984600843;2
3537503;19,05;0,637;38,85;600,17;66,78;0,444;98,63;1,305173232;605,0071191;0,949216896;2
3537602;17,26;0,675;209,32;589,26;99,39;0,547;38;1,05738584;386,0817812;1,389707104;3
3537701;61,54;0,684;25,72;508,37;92,04;0,406;99,59;0,679001867;455,1010015;0,169750467;2
3537800;13,68;0,624;74,11;488,26;47,14;0,491;68,96;1,158099223;403,3360729;0,896592947;2
3537909;18,04;0,594;42,84;465,21;83,24;0,47;88,74;0,992168952;459,6931363;0,77956132;2
3538006;13,84;0,736;230,59;683,99;97,27;0,523;95,91;2,591512796;403,536437;2,316470164;3
3538105;6,29;0,654;92,24;672,47;94,65;0,404;97,77;1,291910181;343,7096278;0,615195325;2
3538204;13,33;0,666;98,41;565,9;50,35;0,421;88,16;1,219925449;329,989834;0,271094544;2
3538303;52,63;0,644;7,65;478,97;79,72;0,418;86,28;0,848656294;234,2291372;1,131541726;1
3538501;19,48;0,74;77,6;595,08;93,82;0,498;77,22;1,025866491;314,7211841;0,293104712;2
3538600;2,74;0,625;70,81;604,33;100;0,585;62,15;0,760832351;502,0352265;0,532582645;2
3538709;8,98;0,717;293,27;912,22;98,18;0,54;97,96;2,741918522;905,3460999;2,695749642;3
3538808;7,81;0,699;59,07;655,17;92,13;0,486;97,07;3,009729124;509,3091622;1,469867712;2
3538907;14,65;0,672;30,95;570,01;82,01;0,48;95,19;2,493658369;325,5084053;0,816888086;2
3539004;15,5;0,701;52,9;740,23;91,94;0,381;99,57;2,217499769;372,1703779;0,831562413;2
3539103;15,09;0,698;174,17;443,73;100;0,489;63,82;0,636571004;131,6641027;0,795713755;3
3539202;17,86;0,733;57,63;597,43;95,92;0,529;94,92;1,286150002;432,256642;0,734942858;2
3539301;13,68;0,736;105,08;874,26;93,67;0,521;99,39;3,500393455;557,8921662;1,953707975;2
3539400;11,3;0,723;33,89;768,8;87,57;0,478;88,78;0,681147355;528,5703474;0,378415197;2
3539509;8,42;0,651;92,23;557,25;97,49;0,424;99,05;1,891975949;415,5608542;1,218121501;2
3539608;33,9;0,639;18,07;534,54;88,74;0,386;98,85;0,580607703;557,3833946;0,774143604;2
3539707;21,74;0,652;10,84;472,07;82,66;0,496;98,3;0,571265353;333,3333333;0,571265353;1
3539806;18,19;0,754;6803,29;569,23;98,42;0,446;94,54;0,56258547;597,1714934;0,545275148;4
3539905;14,49;0,717;44,84;714,21;89,01;0,393;97,8;1,411681666;624,4926769;0,882301041;2
3540002;19,23;0,748;28,05;717,26;93,76;0,491;97,81;5,215675218;377,6430787;0,986749366;2
3540101;33,33;0,701;18,63;594,12;88,06;0,456;99,32;0,596836765;491,4950761;0,984600843;2
3540200;5,36;0,633;140,19;566,34;98,99;0,46;99,28;1,684150721;274,4759856;0,852220847;3
3540259;54,55;0,604;22,09;482,85;87,56;0,381;98,53;0,445732115;588,1435257;0,984600843;2
3540309;29,41;0,69;11,85;613,95;88,96;0,384;99,72;1,582278481;684,7310127;1,582278481;2
3540408;25;0,647;13,2;548,45;83,88;0,415;98,61;1,001251564;451,0638298;0,500625782;2
3540507;20,2;0,578;37,36;550,88;48,28;0,506;91,95;1,503759398;516,0042965;2,577873255;2
3540606;9,47;0,706;95,38;650,62;87,08;0,459;96,22;1,818287328;402,4991779;1,934348221;2
3540705;5,36;0,696;229,27;651,87;98,21;0,459;96,96;3,290081698;351,0960778;2,34741784;3
3540754;23,81;0,646;554,17;355,02;75,83;0,371;97,41;0,676263163;108,7817602;0,241522558;3
3540804;4,61;0,661;50,69;707,62;92,01;0,403;99,53;1,264679313;552,66486;1,385124962;2
3540853;14,29;0,629;64,91;229,79;47,89;0,391;95,82;1,029866117;274,2876759;0,686577412;2
3540903;4,41;0,65;128,43;648,98;93,28;0,464;99,79;1,004448271;326,7326733;1,339264361;3
3541000;13,83;0,692;2178;663,09;100;0,511;72,53;0,804812463;437,947381;1,284543813;4
3541059;14,71;0,633;30,05;520,96;81,52;0,397;97,22;0,969743988;638,2854926;0,387897595;2
3541109;16,13;0,689;14,28;560,51;87,99;0,482;98,6;0,995024876;380,3482587;0,248756219;2
3541208;30,3;0,719;17,49;623,02;83,67;0,477;90,1;2,040816327;470,6997085;0,728862974;2
3541307;11,21;0,7;35,07;569,62;93,96;0,486;88,86;1,41509434;481,0849057;0,943396226;2
3541406;10,2;0,774;408,01;881,16;97,96;0,544;97,96;4,043913097;529,0379196;4,708851827;3
3541505;7,08;0,708;52,33;711,5;97,02;0,509;97,95;2,499671096;450,5986054;1,236679384;2
3541604;16,55;0,666;51,89;601,82;85,98;0,44;98,31;2,168049008;374,74475;0,932765271;2
3541653;19,23;0,541;18,5;581,6;25,89;0,491;86,22;1,348435814;196,8716289;0,984600843;2
3541703;6,71;0,7;21,66;585,28;94,97;0,418;98,35;2,081090779;373,8787226;1,004664514;2
3541802;19,61;0,681;14,5;459,36;89,94;0,43;99,07;0,609942056;520,2805733;0,984600843;2
3541901;9,01;0,687;53,81;471,53;82,02;0,471;71,79;0,869977855;234,024043;1,265422335;2
3542008;23,53;0,703;20,81;512,96;92,45;0,432;96,98;3,846153846;592,4615385;0,461538462;2
3542107;9,26;0,696;74,61;593,33;90,12;0,402;97,83;0,445632799;241,7557932;0,334224599;2
3542206;22,96;0,683;18,71;598,42;91,82;0,469;98,45;2,599923736;520,0887441;0,831975595;2
3542305;20;0,56;12,45;392,3;72,27;0,472;51,85;1,303101381;464,4253323;1,563721658;2
3542404;4,03;0,752;76,96;642,12;93,9;0,467;97,34;1,693089118;568,7240265;0,718280232;2
3542503;15,38;0,66;23,44;439,88;59,57;0,408;95,31;1,108801109;553,2917533;0,415800416;2
3542602;6,31;0,702;77,99;579,64;88,77;0,534;84,52;2,065810831;608,3997344;2,065810831;2
3542701;17,54;0,639;30,9;446,72;82,42;0,392;99,02;0,533831576;528,3598025;0,400373682;2
3542800;63,83;0,673;9,95;367,88;45,74;0,477;32,65;1,233806292;846,3911166;0,616903146;1
3542909;14,18;0,625;28,03;590,72;94,64;0,463;98,85;1,851994753;274,8668879;0,231499344;2
3543006;33,71;0,553;23,58;286,52;59,33;0,481;86,11;0,565450947;756,1775516;0,339270568;2
3543105;30,3;0,642;31,81;518,14;82,76;0,422;97,36;1,072041166;519,7255575;1,072041166;2
3543204;22,22;0,676;22,35;600,6;81,93;0,594;90,82;0,688073394;458,7155963;0,688073394;2
3543238;45,45;0,701;11,33;445,68;88,6;0,379;97,46;0,934142924;347,9682391;0,467071462;2
3543253;11,49;0,676;23,02;372,03;31,7;0,423;94,21;0,399467377;685,885486;0,984600843;2
3543303;9,15;0,76;1245,45;726,35;100;0,475;80,7;0,991863358;260,4397821;1,866048013;3
3543402;9,19;0,739;1080,47;1052,76;99,72;0,546;97,48;3,506991314;515,5423479;4,849534278;3
3543501;15,87;0,577;14,32;366,24;75,5;0,515;89,25;1,226993865;538,6503067;0,175284838;2
3543600;23,26;0,69;22,33;598,17;88,75;0,451;93,14;2,018454441;417,2433679;2,018454441;2
3543709;7,75;0,682;34,11;550,16;82,46;0,447;99,65;1,238567073;466,2728659;0,762195122;2
3543808;28,57;0,644;27,84;539,38;91,67;0,438;96,42;1,028806584;492,5925926;2,160493827;2
3543907;11,81;0,766;414,16;840,39;97,82;0,508;98,99;2,942170447;492,1972845;1,674850407;3
3544004;5,15;0,7;155,42;674,87;97,85;0,459;97,04;2,440725244;550,4125988;0,261506276;3
3544103;8;0,745;1399,14;487,07;100;0,405;61,16;0,381403565;252,348643;0,301108078;4
3544202;9,09;0,629;19,81;451,53;79,11;0,401;98,55;0,962295512;397,515528;0,524888461;2
3544251;13,04;0,728;22,37;593,11;96,37;0,609;96,95;2,175450046;449,7742971;1,957905042;2
3544301;37,59;0,704;81,99;544,65;96;0,436;94,54;1,221574892;204,660778;1,879345988;2
3544400;28,57;0,668;13,23;564,45;60,24;0,367;97,39;1,287830006;732,7752737;0,321957502;2
3544509;43,48;0,726;12,96;551,71;87,69;0,404;75;1,003680161;773,8374038;0,669120107;2
3544608;17,86;0,671;18,31;592,76;91,28;0,413;95,44;0,914411119;265,9107535;0,914411119;2
3544707;38,46;0,677;16,44;497,02;84,21;0,477;99,48;0,846740051;504,2337003;0,423370025;2
3544806;17,24;0,697;20,52;588,93;93,07;0,418;96,6;0,661157025;365,2892562;3,305785124;2
3544905;7,52;0,739;38,88;683,68;94,2;0,44;99,19;3,299183886;435,4054523;1,389130057;2
3545001;5,32;0,69;40,33;511,46;66,36;0,425;85,05;0,950231619;256,0280318;0,475115809;2
3545100;27,03;0,649;30,65;449,61;94,16;0,392;96,69;0,586281024;527,2620676;0,195427008;2
3545159;21,51;0,75;83,08;824,83;83,89;0,395;98,65;0,636132316;583,5877863;0,636132316;2
3545209;7,73;0,751;891,82;753,69;99,3;0,454;94,97;1,638179108;491,7050931;0,875429047;3
3545308;12,94;0,665;161,93;533,06;78,71;0,455;93,3;1,582886733;531,397689;1,062795378;3
3545407;9,17;0,637;49,52;474,21;92,14;0,438;34,38;0,769653656;448,1583288;0,549752611;2
3545506;18,87;0,659;9,44;423,45;80,05;0,434;94,07;0,712419853;379,4823082;0,474946569;1
3545605;10,93;0,702;46,87;705,58;94,61;0,437;98,07;2,417405318;503,626108;0,470051034;2
3545704;46,15;0,665;22,03;624,47;89,16;0,424;97,9;1,234132581;658,3215797;0,352609309;2
3545803;9,95;0,731;713,85;730,23;99,21;0,419;98,58;1,573551617;339,0871281;0,720548889;3
3546009;48,78;0,678;54,32;591,21;88,21;0,478;79,48;0,916848861;492,065731;0,705268355;2
3546108;48,78;0,687;11,53;586,72;80,46;0,456;99,43;1,994017946;1111,665005;0,997008973;2
3546207;30,3;0,679;29,99;893,78;78,13;0,676;98,13;0,919751667;295,470223;0,984600843;2
3546256;66,67;0,686;14,45;557,35;68,8;0,531;97,76;3,370245546;529,6100144;0,962927299;2
3546306;12,69;0,635;116,35;594,72;97,83;0,521;99,74;2,075365413;458,3889235;0,88944232;2
3546405;9,04;0,686;42,77;711,61;93,85;0,464;96,11;3,122966818;503,0795923;1,453047061;2
3546504;16,95;0,699;41,65;581,3;96,22;0,43;99,28;0,542986425;457,3755656;0,542986425;2
3546603;6,9;0,751;156,49;745,67;96,06;0,498;97,98;3,603428126;543,0788209;2,175042202;3
3546702;3,16;0,654;273,66;604,6;98,94;0,386;98,91;1,718278667;394,4022299;0,649127496;3
3546801;9,75;0,689;157,94;543,5;81,17;0,473;68,78;0,562756417;457,8658824;0,962131939;3
3546900;20,2;0,703;57,24;555,76;95,87;0,391;99,96;0,700770848;388,2270498;0,984600843;2
3547007;12,35;0,571;24,44;460,87;90,91;0,475;99,66;1,302719427;559,6808337;0,325679857;2
3547106;27,03;0,699;17,62;505,59;91,43;0,403;77,15;1,777461785;684,6782794;0,984600843;2
3547205;111,11;0,733;11,45;747,3;73,96;0,422;99,76;1,325381047;351,2259775;0,662690524;2
3547304;8,32;0,725;774,93;1507,66;100;0,686;42,6;0,34025425;776,2574928;1,505806041;3
3547403;52,63;0,74;11,91;573,16;78,83;0,39;92,94;1,663893511;641,4309484;0,984600843;2
3547502;20,16;0,686;36,54;765,12;91,96;0,488;98,12;2,880424484;310,6310404;1,212810309;2
3547601;8,2;0,704;91,97;646,64;96,22;0,512;99,21;2,460553039;477,1520075;1,054522731;2
3547650;14,29;0,748;19,51;597,11;71,6;0,347;98,65;1,388888889;870,8333333;0,984600843;2
3547700;22,83;0,689;37,76;589,95;94,29;0,534;98,25;2,136433646;424,5043971;0,347791524;2
3547809;7,59;0,769;4089;1021,51;100;0,543;94,48;0,975691307;454,5208232;4,420155448;4
3547908;25,64;0,604;22,33;520,37;75,32;0,418;96,99;3,013409673;359,3491035;1,808045804;2
3548005;15,27;0,576;151,23;588,32;95,59;0,459;61,04;1,18167097;556,1731367;0,568952689;3
3548054;29,13;0,728;6,44;558,83;86,94;0,413;95,35;0,484730974;685,7731459;0,484730974;1
3548104;39,22;0,62;54,15;565,74;65,33;0,43;95,79;1,544799176;374,8712667;0,858221765;2
3548203;21,51;0,632;51,21;593,67;69,87;0,476;62,76;2,263126132;512,8243814;0,905250453;2
3548302;30,3;0,714;32,93;484,96;93,34;0,417;73,4;0,67294751;408,4791386;0,336473755;2
3548401;16,95;0,719;37,31;490,65;97,58;0,352;99,23;0,642673522;424,1645244;0,214224507;2
3548500;9,02;0,807;1541,85;1364,92;99,93;0,562;95,29;3,718191848;959,7670182;5,696251251;4
3548609;8,2;0,638;43,07;525,47;51,61;0,557;86,28;1,424501425;589,4586895;2,374169041;2
3548708;9,29;0,752;2048,52;944,67;98,39;0,553;90,26;1,013439463;573,5808769;2,744783188;4
3548807;6,54;0,811;10509,88;1578,74;100;0,548;99,85;3,72907355;641,5990056;4,899367909;4
3548906;7,74;0,766;221,64;923,62;96;0,499;99,43;3,185894688;445,9799202;2,666589733;3
3549003;51,28;0,658;37,33;442,8;82,11;0,46;99,6;1,867762421;369,8169593;0,373552484;2
3549102;15,97;0,749;176,63;823,48;97,37;0,515;97,59;6,549118388;468,3192123;3,171513625;3
3549201;33,33;0,686;19,84;483,18;77,06;0,364;100;0,807754443;538,368336;0,984600843;2
3549250;153,85;0,738;10,77;533,45;89,3;0,369;97,73;2,162162162;692,972973;2,162162162;1
3549300;43,48;0,692;17,89;590,31;86,45;0,334;97,66;3,022670025;498,7405542;1,007556675;2
3549409;8,53;0,706;126,29;722,9;98,23;0,419;99,7;3,699725504;372,995982;1,79018976;3
3549508;21,28;0,58;32,24;510,93;91,22;0,465;98,58;0,916695313;161,3383752;0,114586914;2
3549607;24,39;0,591;7,27;454,64;79,04;0,548;88,94;1,228501229;286,4864865;0,737100737;1
3549706;5,67;0,717;130,92;680,16;92,17;0,494;97,75;1,541179566;452,3925873;1,447205202;3
3549805;8,42;0,748;1066,51;978,49;93,93;0,508;99,08;2,545074611;731,2624463;5,634884489;3
3549904;9,34;0,764;656,67;955,77;97,97;0,563;93,3;1,59430609;498,6322458;2,606050202;3
3549953;4,95;0,666;84,87;507,98;93,07;0,515;44,56;0,641889723;389,3703062;0,385133834;2
3550001;8,26;0,593;17,31;479,18;59,96;0,484;83,84;1,040779639;434,9512726;0,851546977;2
3550100;9,54;0,695;62,94;641,13;98,66;0,461;96,82;2,855410118;506,4183555;0,909688179;2
3550209;14,22;0,633;35,4;447,67;76,82;0,582;86,14;1,78125;883,5;0,46875;2
3550308;11,19;0,725;8054,66;1126,97;99,1;0,645;92,26;1,541914427;734,141079;3,540960735;4
3550407;4,68;0,674;58,33;689,97;87,02;0,477;95,48;2,426333022;688,9908793;0,760056127;2
3550506;23,26;0,636;10,48;467,68;77,88;0,39;97,96;0,81422174;524,0873931;0,135703623;1
3550605;13,65;0,687;296,56;778,3;96,7;0,511;60,41;2,687710871;431,166009;1,704123063;3
3550704;7,75;0,703;221,13;697,24;98,87;0,502;52,46;2,226430252;910,7706433;1,457508464;3
3550803;19,05;0,609;48,26;557,78;71,12;0,416;98,63;2,345844504;389,8290885;0,335120643;2
3550902;15,04;0,722;24,82;653,91;92,34;0,46;98,83;2,492085943;370,1084394;0,269414697;2
3551009;16,1;0,716;2469,94;661,48;99,81;0,489;87,08;0,771102649;379,1645829;0,354818972;4
3551108;8,47;0,621;29,17;525,38;80,42;0,513;67,81;0,791295747;270,1285856;0,395647873;2
3551207;17,24;0,603;25,69;436,85;86,37;0,445;92,39;0,548546352;544,4322545;0,274273176;2
3551306;48,78;0,74;20,93;706,16;85,33;0,426;99,27;1,214697844;1058,609171;0,984600843;2
3551405;7,41;0,572;51,78;421,83;71,23;0,457;92,43;0,97703957;279,514737;0,325679857;2
3551504;7,85;0,65;357,86;571,8;99,44;0,382;99,58;1,102759148;681,6626907;1,305306747;3
3551603;12,31;0,676;143,47;799,57;87,09;0,484;76,63;2,587463557;471,574344;0,983965015;3
3551702;15,19;0,672;312,13;779,98;99,52;0,475;98,94;3,097544032;429,2918148;1,716317274;3
3551801;4,95;0,562;12,07;383,28;72,4;0,516;87,1;0,633512829;534,6848274;0,475134621;2
3551900;16,22;0,638;124,56;538,52;96,61;0,42;99,77;0,934252014;469,286465;0,233563004;3
3552007;14,29;0,584;15,19;448,24;53,82;0,48;96,23;1,12830432;445,51902;0,644745326;2
3552106;12,08;0,634;91,32;660,37;71,58;0,452;82,44;1,856483511;531,1863445;0,876672769;2
3552205;9,71;0,762;1508,45;874,7;98,98;0,529;97,75;1,740194701;218,2076602;3,082543843;4
3552304;9,43;0,694;12,98;623,29;86,14;0,541;98,28;0,907558667;769,4800985;0,777907429;2
3552403;8,88;0,705;1840,43;668,49;98,82;0,474;93,75;0,865076339;490,2687739;0,759148624;4
3552502;10,75;0,723;1443,19;552,44;96,48;0,491;85,01;0,910646662;658,5659205;0,45360513;4
3552551;27,03;0,631;11,99;454,4;66,73;0,421;94,39;1,01342792;276,9191791;0,984600843;2
3552601;17,86;0,666;35,88;658,52;93,72;0,397;99,11;1,765893037;484,6115035;0,504540868;2
3552700;14,15;0,609;44,75;575,37;90,34;0,407;97,71;2,704912877;445,6186702;0,629049506;2
3552809;13,3;0,71;14207,57;664,47;100;0,49;90,82;0,447386313;928,9395535;1,303408943;4
3552908;12,35;0,684;10,35;522,47;87,88;0,386;97,7;0,825900231;415,4278163;0,660720185;1
3553005;21,62;0,631;95,36;516,23;71,64;0,372;98,33;1,126210676;741,7974322;0,750807118;2
3553104;37,04;0,628;58,8;544,6;93,24;0,422;99,09;1,822097068;576,9421898;0,331290376;2
3553203;34,48;0,718;42,02;718,29;93,88;0,424;98,84;2,867155145;406,3395986;0,796431985;2
3553302;13,2;0,624;41,31;616,56;91,37;0,453;97,95;3,420602552;624,0845503;0,833223699;2
3553401;4,02;0,687;34,75;677,09;93,12;0,421;86,83;1,911969727;455,1284605;2,190798646;2
3553500;33,71;0,578;10,34;408,83;75,14;0,444;87,26;1,298869983;535,783868;0,259773997;1
3553609;6,94;0,692;58,41;550,63;89,6;0,406;98,21;1,268834259;486,8358446;0,555114988;2
3553658;31,25;0,716;52,16;582,81;96,69;0,519;99,38;1,090512541;437,6590331;1,090512541;2
3553708;11,01;0,696;96,2;644,58;96,19;0,468;98,9;2,789042001;358,0616158;0,935796987;2
3553807;17,36;0,606;51,77;502,48;91,14;0,495;98,65;0,776096236;704,6091493;0,431164576;2
3553856;10,53;0,626;25,25;332,69;58,08;0,438;86,48;1,044204664;764,8799165;0,348068221;2
3553906;10,42;0,697;37,08;454,06;94,02;0,399;97,77;0,962993534;565,0020636;0,412711515;2
3553955;14,35;0,68;49,52;572,15;95,18;0,549;99,09;1,283263542;413,0082399;0,202620559;2
3554003;12,99;0,688;232,49;673,96;97,15;0,478;94,1;2,963628947;407,465681;0,949027247;3
3554102;12,53;0,746;503,88;846,33;97,96;0,518;95,93;2,703661167;556,6060756;2,622323587;3
3554201;16,39;0,563;15,3;403,23;76,5;0,481;95,08;0,851607409;466,893762;0,212901852;2
3554300;14,08;0,679;14,88;501,99;82,68;0,474;96,12;1,516909075;638,1725707;0,847684483;2
3554409;10,31;0,684;42,29;598,58;96,25;0,452;99,42;2,083104923;438,0002193;0,657822607;2
3554508;9,42;0,698;104,05;783,04;91,37;0,494;94,8;3,408565238;823,2902393;0,80344752;2
3554607;47,62;0,629;13,51;483,54;78,06;0,473;93,66;1,173249902;360,5788033;0,391083301;2
3554656;40;0,647;33,81;497,97;71,16;0,394;94,42;1,293103448;825,4310345;0,984600843;2
3554706;19,42;0,658;31,75;662,73;87,33;0,442;97,7;0,72068362;392,5666632;0,514774014;2
3554755;142,86;0,697;27,18;482,86;93,66;0,398;99,76;1,174398121;302,9947152;0,984600843;2
3554805;11,95;0,72;246,92;715,72;93,01;0,539;82,39;1,043977554;409,4349471;0,217495324;3
3554904;12,5;0,726;38,31;585,37;88,48;0,412;97,14;0,72111051;534,1626104;0,984600843;2
3554953;18,87;0,63;54,4;572,79;54,29;0,391;59,29;0,915052616;345,7373799;0,152508769;2
3555000;15,03;0,704;104,34;688,97;95,99;0,552;97,83;3,484875006;434,0021959;2,355075346;2
3555109;18,18;0,715;63,3;689,61;78,54;0,495;98,43;2,957386746;505,3770668;0,672133351;2
3555208;71,43;0,721;13,16;670,14;84,62;0,367;99,31;1,046025105;644,874477;0,523012552;2
3555307;90,91;0,675;11,68;633,98;76,07;0,399;99,61;2,216066482;444,8753463;0,55401662;2
3555356;10,87;0,604;30,06;478,37;92,45;0,359;97,04;0,494559842;665,3478404;0,164853281;2
3555406;14,15;0,679;128,23;572,41;97,67;0,597;27,65;0,731027037;653,2570066;1,135903549;3
3555505;11,63;0,674;16,94;522,85;73,75;0,422;95,41;1,286725284;407,0340982;0,643362642;2
3555604;10,64;0,644;40,05;606,31;93,79;0,399;99,17;2,478570691;604,4614272;0,413095115;2
3555703;90,91;0,699;23,33;570,21;80,45;0,362;100;1,725129385;680,8510638;0,575043128;2
3555802;10,53;0,709;43,55;595,62;87,14;0,465;98,71;0,929044246;515,5034259;0,464522123;2
3555901;90,91;0,639;7,93;495,72;93,79;0,422;96,82;2,485501243;689,3123447;0,984600843;1
3556008;6,9;0,683;42,63;682,87;91,84;0,424;99,29;1,975083561;365,2385293;0,759647524;2
3556107;10,93;0,692;88,99;590,86;92,87;0,372;99,26;1,25293657;886,0610807;0,313234143;2
3556206;7,18;0,763;869,76;1247,87;95,63;0,553;92,43;3,334883199;418,8966026;1,763640153;3
3556305;15,53;0,643;30,87;557,41;97,35;0,461;98,61;1,625812906;473,4867434;0,500250125;2
3556354;17,54;0,591;73,89;560,01;62,9;0,39;73,43;0,3;365;0,4;2
3556404;10,79;0,643;160,36;593,94;96,22;0,426;98,47;2,867400786;595,1663815;0,963832197;3
3556453;8,11;0,683;1237,9;717,88;100;0,52;46,76;0,852886547;614,11622;0,379060688;3
3556503;15,17;0,705;3469,19;574,7;100;0,433;88,49;0,381631891;377,1269756;0,323557473;4
3556602;9,01;0,715;43,77;609,6;89,89;0,45;95,88;2,090459901;374,6674268;0,570125428;2
3556701;9,5;0,739;964,76;1308,22;96,86;0,545;82,96;3,637723972;495,169051;0,96747978;3
3556800;8,97;0,683;86,8;626,55;97,07;0,405;99,05;2,343707418;510,7647027;0,59955306;2
3556909;12,2;0,676;92,32;692,71;94,76;0,356;99,74;0,998253057;495,0087347;0,249563264;2
3556958;66,67;0,685;36,92;515,51;88,75;0,36;97,19;1,704545455;407,3863636;0,568181818;2
3557006;13,64;0,747;667,4;643,2;96,19;0,41;95,94;0,859594071;481,2641875;0,567498999;3
3557105;8,61;0,744;224,74;808;97,2;0,499;98,95;2,441150828;647,2863993;3,040540541;3
3557154;32,26;0,674;8,52;523,97;85,27;0,392;97,02;1,171875;425,390625;0,984600843;1
3557204;5,29;0,655;65,8;586,48;94,29;0,481;98;1,636259511;464,861327;0,490877853;2
3557303;7,87;0,695;152,46;581,02;79,76;0,419;96,36;1,083130246;379,9981948;0,722086831;3
